,Product Name,Company,Original_Price,discound_Price,discound
0,"Striped Men Hooded Neck Red, Black T-Shirt",HELMONT,234,999,76% 
1,"Solid Men Mandarin Collar Grey, Black T-Shirt",TRIPR,219,"1,999",89% 
2,Printed Men Round Neck Yellow T-Shirt,BLIVE,166,"1,999",91% 
3,Printed Men Round Neck Black T-Shirt,BLIVE,151,"1,399",89% 
4,Striped Men Round Neck Dark Blue T-Shirt,UZee,159,"1,299",87% 
5,"Color Block Men Hooded Neck Light Green, Black T-Shirt",HELMONT,186,999,81% 
6,Printed Men Round Neck Pink T-Shirt,TRIPR,151,"1,399",89% 
7,"Striped Men Round Neck Maroon, Grey T-Shirt",BLIVE,189,"1,399",86% 
8,Printed Men Round Neck Black T-Shirt,TRIPR,151,"1,399",89% 
9,"Solid Men Henley Neck Maroon, Dark Blue T-Shirt",BLIVE,356,"2,999",88% 
10,"Striped Men Round Neck Black, Green, White T-Shirt",Jump Cuts,199,"1,399",85% 
11,Printed Men Round Neck Dark Blue T-Shirt,TRIPR,164,"1,399",88% 
12,"Color Block Men Round Neck Black, Red T-Shirt",TRIPR,190,"1,999",90% 
13,Solid Men Hooded Neck Yellow T-Shirt,HELMONT,159,999,84% 
14,Color Block Men Round Neck Multicolor T-Shirt,TRIPR,348,"2,999",88% 
15,"Solid Men Mandarin Collar Red, Black T-Shirt",TRIPR,281,"1,999",85% 
16,Printed Men Round Neck Dark Green T-Shirt,TRIPR,164,"1,399",88% 
17,Striped Men Hooded Neck Maroon T-Shirt,HELMONT,151,999,84% 
18,"Solid Men Mandarin Collar Pink, Black T-Shirt",TRIPR,253,"1,999",87% 
19,"Solid Men Mandarin Collar Brown, Black T-Shirt",TRIPR,242,"1,999",87% 
20,Solid Men Henley Neck Dark Blue T-Shirt,BLIVE,175,"1,999",91% 
21,"Solid Men Round Neck White, Black T-Shirt",FastColors,255,"1,999",87% 
22,Solid Men Round Neck Black T-Shirt,FastColors,246,"1,999",87% 
23,Striped Men Round Neck Yellow T-Shirt,UZee,159,"1,999",92% 
24,Printed Men Round Neck Brown T-Shirt,TRIPR,151,"1,399",89% 
25,Color Block Men Round Neck Multicolor T-Shirt,TRIPR,188,"1,399",86% 
26,Striped Men Round Neck Red T-Shirt,UZee,151,"1,999",92% 
27,"Printed Men Round Neck Dark Blue, Grey T-Shirt",Jump Cuts,234,"1,519",84% 
28,Printed Men Round Neck Grey T-Shirt,TRIPR,151,"1,399",89% 
29,"Striped Men Round Neck Maroon, Grey T-Shirt",BLIVE,159,999,84% 
30,"Solid Men Mandarin Collar Dark Green, Black T-Shirt",TRIPR,253,"1,999",87% 
31,Printed Men Round Neck White T-Shirt,TRIPR,205,"1,399",85% 
32,"Striped Men Round Neck Dark Blue, Grey T-Shirt",BLIVE,193,"1,399",86% 
33,Printed Men Round Neck Red T-Shirt,BLIVE,151,"1,999",92% 
34,"Solid, Color Block Men Round Neck White T-Shirt",FastColors,249,"1,399",82% 
35,Printed Men Round Neck Reversible White T-Shirt,NB NICKY BOY,219,"1,100",80% 
36,Printed Men Round Neck Navy Blue T-Shirt,Jump Cuts,199,"1,519",86% 
37,"Color Block Men Round Neck Dark Green, White, Yellow T-...",TRIPR,204,"1,999",89% 
38,Checkered Men Polo Neck Blue T-Shirt,Eyebogler,329,"1,299",74% 
39,"Solid Men Henley Neck Dark Blue, Maroon T-Shirt",BLIVE,159,"1,399",88% 
40,Printed Men Hooded Neck Black T-Shirt,TRIPR,253,"1,399",81% 
41,Solid Men Hooded Neck Black T-Shirt,Eyebogler,349,"1,299",73% 
42,Color Block Men Round Neck Multicolor T-Shirt,TRIPR,151,"1,399",89% 
43,Printed Men Round Neck Multicolor T-Shirt,UZee,151,"1,499",89% 
44,"Color Block Men Round Neck Grey, Black T-Shirt",TRIPR,192,"1,999",90% 
45,"Striped Men Round Neck Yellow, Black T-Shirt",Jump Cuts,199,"1,399",85% 
46,"Solid Men Round Neck Black, White T-Shirt",FastColors,246,"1,999",87% 
47,"Striped Men Hooded Neck Blue, Grey T-Shirt",HELMONT,151,999,84% 
48,Solid Men Henley Neck Black T-Shirt,BLIVE,193,"1,999",90% 
49,"Printed Men Polo Neck Dark Blue, White T-Shirt",TRIPR,234,"1,999",88% 
50,"Striped Men Round Neck Red, Grey T-Shirt",BLIVE,224,"1,399",83% 
51,Printed Men Round Neck Dark Green T-Shirt,TRIPR,159,"1,999",92% 
52,Printed Men Hooded Neck Red T-Shirt,TRIPR,276,"1,399",80% 
53,"Striped Men Round Neck Dark Blue, Red T-Shirt",BLIVE,205,999,79% 
54,Color Block Men Round Neck Yellow T-Shirt,TRIPR,205,"1,999",89% 
55,Color Block Men Round Neck Black T-Shirt,TRIPR,215,"1,999",89% 
56,"Striped Men Round Neck Dark Blue, White T-Shirt",BLIVE,193,999,80% 
57,"Printed Men Round Neck Dark Blue, Grey T-Shirt",Jump Cuts,188,"1,079",82% 
58,"Solid Men Round Neck White, Maroon T-Shirt",FastColors,246,"1,999",87% 
59,"Striped Men Round Neck Dark Blue, Grey T-Shirt",BLIVE,205,999,79% 
60,"Solid Men Round Neck Black, Red, White T-Shirt",FastColors,255,"1,999",87% 
61,Printed Men Round Neck Red T-Shirt,TRIPR,151,"1,399",89% 
62,"Striped Men Round Neck Green, Black T-Shirt",Jump Cuts,234,"1,549",84% 
63,Color Block Men Round Neck Multicolor T-Shirt,TRIPR,151,"1,399",89% 
64,"Color Block Men Round Neck White, Black T-Shirt",MANIAC,412,"1,629",74% 
65,"Solid Men Henley Neck Red, Black T-Shirt",BLIVE,159,"1,399",88% 
66,"Solid Men Mandarin Collar Black, White T-Shirt",TRIPR,262,"1,999",86% 
67,Solid Men Round Neck Brown T-Shirt,FastColors,249,"1,999",87% 
68,Printed Men Hooded Neck Yellow T-Shirt,FastColors,255,"1,999",87% 
69,Typography Men Round Neck Yellow T-Shirt,BLIVE,151,"1,399",89% 
70,"Solid Men Mandarin Collar Maroon, Black T-Shirt",TRIPR,281,"1,999",85% 
71,"Solid Men Round Neck Dark Blue, Red, Black T-Shirt",FastColors,246,"1,999",87% 
72,Solid Men Henley Neck Maroon T-Shirt,BLIVE,215,"1,999",89% 
73,Solid Men Round Neck Maroon T-Shirt,FastColors,450,"2,499",81% 
74,"Striped Men Round Neck Orange, Black T-Shirt",BLIVE,216,"1,399",84% 
75,"Color Block Men Hooded Neck Black, Red T-Shirt",HYDEY,163,999,83% 
76,Solid Men Hooded Neck Black T-Shirt,TRIPR,204,"1,999",89% 
77,Printed Men Round Neck Blue T-Shirt,FastColors,255,"1,999",87% 
78,"Printed Men Round Neck White, Red T-Shirt",FastColors,246,"1,999",87% 
79,Printed Men Polo Neck Dark Green T-Shirt,TRIPR,234,"1,999",88% 
80,Checkered Men Polo Neck Pink T-Shirt,Eyebogler,249,"1,299",80% 
81,"Solid Men Round Neck Blue, Yellow T-Shirt",FastColors,246,"1,999",87% 
82,"Color Block Men Round Neck Brown, Black T-Shirt",TRIPR,191,"1,999",90% 
83,"Solid Men Round Neck Grey, Blue T-Shirt",FastColors,450,"2,499",81% 
84,Printed Men Round Neck Grey T-Shirt,NB NICKY BOY,237,777,69% 
85,Solid Men Round Neck Black T-Shirt,UZee,151,999,84% 
86,"Printed Men Hooded Neck Black, Yellow T-Shirt",MANIAC,249,"1,249",80% 
87,Color Block Men Round Neck Grey T-Shirt,MANIAC,283,"1,199",76% 
88,Solid Men Round Neck Dark Blue T-Shirt,FastColors,263,"1,999",86% 
89,"Solid Men Round Neck White, Maroon T-Shirt",FastColors,255,"1,999",87% 
90,"Printed Men Round Neck Black, Grey T-Shirt",Jump Cuts,242,"1,519",84% 
91,Printed Men Round Neck Yellow T-Shirt,TRIPR,215,"1,399",84% 
92,Color Block Men Round Neck Grey T-Shirt,THE EG STORE,201,799,74% 
93,"Printed Men Round Neck Grey, Black T-Shirt",Jump Cuts,199,879,77% 
94,Color Block Men Round Neck Grey T-Shirt,FastColors,229,"1,999",88% 
95,"Solid Men Round Neck Black, White T-Shirt",FastColors,246,"1,999",87% 
96,Printed Men Polo Neck Black T-Shirt,TRIPR,253,"1,999",87% 
97,Checkered Men Polo Neck Maroon T-Shirt,Eyebogler,329,"1,299",74% 
98,Printed Men Round Neck Multicolor T-Shirt,Jump Cuts,386,"1,999",80% 
99,Solid Men Mandarin Collar Yellow T-Shirt,THE EG STORE,209,799,73% 
100,"Solid Men Round Neck Dark Blue, Black, Yellow T-Shirt",FastColors,246,"1,999",87% 
101,Typography Men Round Neck Black T-Shirt,BLIVE,188,"1,399",86% 
102,"Solid Men Round Neck Grey, Black T-Shirt",BLIVE,215,"1,999",89% 
103,"Printed Men Round Neck Yellow, Black T-Shirt",Jump Cuts,237,"1,519",84% 
104,Solid Men Round Neck Black T-Shirt,FastColors,246,"1,999",87% 
105,Solid Men Round Neck Black T-Shirt,FastColors,246,"1,999",87% 
106,"Color Block Men Round Neck White, Yellow, Black T-Shirt",FastColors,246,"1,999",87% 
107,Graphic Print Men Round Neck Black T-Shirt,TRIPR,159,899,82% 
108,Printed Men Round Neck Black T-Shirt,FastColors,255,"1,999",87% 
109,"Color Block Men Hooded Neck Yellow, White T-Shirt",HYDEY,164,999,83% 
110,Typography Men Round Neck Black T-Shirt,BLIVE,215,"1,399",84% 
111,"Striped Men Round Neck Yellow, Black T-Shirt",Jump Cuts,219,"1,549",85% 
112,"Printed Men Hooded Neck Black, White T-Shirt",FastColors,246,"1,999",87% 
113,Solid Men Round Neck Grey T-Shirt,FastColors,249,"1,999",87% 
114,"Color Block Men Round Neck Pink, Black T-Shirt",MANIAC,413,"1,629",74% 
115,Color Block Men Round Neck Blue T-Shirt,Diwazzo,233,999,76% 
116,Printed Men Round Neck Green T-Shirt,FastColors,246,"1,999",87% 
117,Solid Men Round Neck Black T-Shirt,FastColors,246,"1,999",87% 
118,"Printed Men Round Neck White, Orange T-Shirt",MANIAC,274,"1,179",76% 
119,"Striped Men Round Neck Dark Blue, Red T-Shirt",BLIVE,199,"1,399",85% 
120,"Striped Men Round Neck Dark Blue, Red T-Shirt",BLIVE,199,"1,399",85% 
121,"Solid Men Mandarin Collar Yellow, Black T-Shirt",TRIPR,253,"1,999",87% 
122,Solid Men Round Neck Multicolor T-Shirt,FastColors,246,"1,999",87% 
123,"Color Block Men Round Neck Red, White, Yellow T-Shirt",TRIPR,230,"1,999",88% 
124,"Solid Men Round Neck Brown, Black T-Shirt",FastColors,255,"1,999",87% 
125,"Printed Men Hooded Neck White, Black T-Shirt",MANIAC,289,"1,349",78% 
126,Striped Men Round Neck Dark Blue T-Shirt,Jump Cuts,234,"1,399",83% 
127,Printed Men Hooded Neck Yellow T-Shirt,Jump Cuts,199,"1,119",82% 
128,"Solid Men Round Neck Grey, Black T-Shirt",FastColors,255,"1,999",87% 
129,Solid Men V Neck Multicolor T-Shirt,TRIPR,147,899,83% 
130,"Color Block Men Round Neck Red, Black T-Shirt",FastColors,246,"1,999",87% 
131,Solid Men Polo Neck Blue T-Shirt,Eyebogler,299,"1,299",76% 
132,"Printed Men Hooded Neck Dark Green, Black T-Shirt",MANIAC,311,"1,349",76% 
133,"Striped Men Hooded Neck Red, Grey T-Shirt",HELMONT,151,999,84% 
134,"Printed Men Hooded Neck White, Red T-Shirt",FastColors,246,"1,999",87% 
135,Color Block Men Hooded Neck White T-Shirt,HYDEY,176,999,82% 
136,"Printed Men Hooded Neck Dark Green, Black T-Shirt",TRIPR,198,"1,999",90% 
137,Color Block Men Mandarin Collar Multicolor T-Shirt,BLIVE,386,"2,999",87% 
138,Solid Men Round Neck White T-Shirt,FastColors,246,"1,999",87% 
139,"Printed Men Polo Neck Dark Green, Black T-Shirt",TRIPR,234,"1,999",88% 
140,"Striped Men Round Neck Reversible Dark Blue, Grey, Grey...",Jump Cuts,188,679,72% 
141,"Printed Men Polo Neck Red, Black T-Shirt",TRIPR,234,"1,999",88% 
142,"Color Block Men Round Neck Maroon, Blue T-Shirt",FastColors,246,"1,999",87% 
143,"Solid Men Round Neck White, Blue T-Shirt",FastColors,246,"1,999",87% 
144,Printed Men Round Neck Black T-Shirt,NB NICKY BOY,159,777,79% 
145,Solid Men Round Neck Blue T-Shirt,FastColors,450,"2,299",80% 
146,Color Block Men Round Neck Dark Green T-Shirt,MANIAC,307,"1,199",74% 
147,"Striped Men V Neck Dark Blue, Grey T-Shirt",TRIPR,194,899,78% 
148,Color Block Men Round Neck Black T-Shirt,FastColors,246,"1,999",87% 
149,"Printed Men Hooded Neck Black, White T-Shirt",FastColors,246,"1,999",87% 
150,"Color Block Men Hooded Neck Grey, Dark Blue T-Shirt",HYDEY,163,999,83% 
151,Solid Men Round Neck Multicolor T-Shirt,FastColors,246,"1,999",87% 
152,Printed Men Hooded Neck White T-Shirt,MANIAC,299,"1,759",83% 
153,"Color Block Men Hooded Neck Black, Red T-Shirt",Bike,255,"1,999",87% 
154,Printed Men Round Neck Black T-Shirt,TRIPR,151,"1,399",89% 
155,"Solid Men Round Neck White, Maroon, Grey T-Shirt",FastColors,450,"2,999",84% 
156,Color Block Men Round Neck Black T-Shirt,MANIAC,282,"1,199",76% 
157,"Printed Men Round Neck White, Red T-Shirt",FastColors,255,"1,999",87% 
158,"Solid Men Henley Neck Dark Green, Black T-Shirt",BLIVE,200,"1,399",85% 
159,"Striped Men Round Neck Dark Blue, Yellow T-Shirt",Jump Cuts,193,"1,349",85% 
160,"Solid Men Round Neck Blue, Black T-Shirt",FastColors,450,"2,399",81% 
161,Printed Men Round Neck Black T-Shirt,TRIPR,151,"1,399",89% 
162,"Solid Men Round Neck Black, Yellow T-Shirt",FastColors,450,"2,499",81% 
163,"Printed Men Round Neck Maroon, Black T-Shirt",Jump Cuts,188,859,78% 
164,Printed Men Round Neck Maroon T-Shirt,Jump Cuts,207,679,69% 
165,"Printed Men Round Neck Red, Grey T-Shirt",Jump Cuts,253,"1,519",83% 
166,Printed Men Round Neck Black T-Shirt,Jump Cuts,199,"1,519",86% 
167,Typography Men Round Neck Navy Blue T-Shirt,BLIVE,151,"1,399",89% 
168,"Striped Men Round Neck Blue, Pink T-Shirt",Eyebogler,249,"1,299",80% 
169,Color Block Men Round Neck Red T-Shirt,MANIAC,234,"1,199",80% 
170,Color Block Men Round Neck Light Blue T-Shirt,VeBNoR,143,"1,330",89% 
171,Solid Men Round Neck Green T-Shirt,FastColors,246,"1,999",87% 
172,"Color Block Men Hooded Neck Red, Black T-Shirt",HELMONT,158,999,84% 
173,Printed Men Round Neck Yellow T-Shirt,Jump Cuts,234,"1,519",84% 
174,"Color Block Men Round Neck Black, Yellow T-Shirt",TRIPR,215,"1,999",89% 
175,"Color Block Men Round Neck Blue, Maroon T-Shirt",FastColors,246,"1,999",87% 
176,"Typography Men Hooded Neck White, Black T-Shirt",Eyebogler,329,"1,299",74% 
177,"Solid Men Mandarin Collar White, Blue, Maroon T-Shirt",FastColors,246,"1,999",87% 
178,Solid Men Round Neck Maroon T-Shirt,FastColors,246,"1,999",87% 
179,Color Block Men Hooded Neck Blue T-Shirt,HELMONT,196,999,80% 
180,Printed Men Hooded Neck Black T-Shirt,FastColors,246,"1,999",87% 
181,"Solid Men Round Neck Dark Blue, Black, Grey T-Shirt",FastColors,246,"1,999",87% 
182,"Tie & Dye Men Round Neck White, Blue T-Shirt",MANIAC,327,"1,659",80% 
183,"Printed Men Hooded Neck Dark Green, Black T-Shirt",MANIAC,263,"2,119",87% 
184,"Printed Men Round Neck Yellow, Black T-Shirt",FastColors,246,"1,999",87% 
185,"Color Block Men Round Neck Black, Yellow T-Shirt",MANIAC,411,"1,629",74% 
186,Printed Men Round Neck Navy Blue T-Shirt,BLIVE,151,"1,999",92% 
187,"Striped Men Round Neck Red, White, Blue T-Shirt",MANIAC,282,"1,099",74% 
188,"Checkered Men Round Neck White, Black T-Shirt",MANIAC,272,"1,069",74% 
189,Graphic Print Men Round Neck Red T-Shirt,TRIPR,159,899,82% 
190,"Solid Men Mandarin Collar White, Black T-Shirt",TRIPR,281,"1,999",85% 
191,Printed Men Round Neck Green T-Shirt,FastColors,246,"1,999",87% 
192,Printed Men Round Neck Blue T-Shirt,TRIPR,215,"1,999",89% 
193,Typography Men Round Neck Dark Blue T-Shirt,BLIVE,173,"1,399",87% 
194,Printed Men Round Neck Yellow T-Shirt,Young trendz,215,"1,149",81% 
195,Solid Men Round Neck Light Green T-Shirt,FastColors,289,"1,999",85% 
196,Graphic Print Men Round or Crew Yellow T-Shirt,DUO COUPLE,375,"1,399",73% 
197,"Striped Men V Neck Red, Grey T-Shirt",TRIPR,215,899,76% 
198,"Color Block Men Round Neck Black, Red T-Shirt",BLIVE,219,"1,999",89% 
199,Printed Men Round Neck Red T-Shirt,TRIPR,181,"1,999",90% 
200,"Printed Men Hooded Neck Grey, Black T-Shirt",FastColors,255,"1,999",87% 
201,"Solid Men Round Neck Blue, White, Yellow T-Shirt",FastColors,249,"1,999",87% 
202,"Printed Men Round Neck White, Green T-Shirt",MANIAC,400,"1,499",73% 
203,"Solid Men Round Neck Dark Blue, White T-Shirt",FastColors,255,"1,899",86% 
204,Printed Men Round Neck Multicolor T-Shirt,Jump Cuts,386,"1,999",80% 
205,"Solid Men Round Neck White, Blue T-Shirt",FastColors,246,"1,999",87% 
206,Solid Men Round Neck Brown T-Shirt,FastColors,255,"1,999",87% 
207,"Striped Men V Neck Maroon, Grey T-Shirt",TRIPR,215,899,76% 
208,"Color Block Men Round Neck White, Pink, Black T-Shirt",MANIAC,265,959,72% 
209,Printed Men Round Neck Reversible White T-Shirt,NB NICKY BOY,159,"1,100",85% 
210,"Striped Men Round Neck Black, White T-Shirt",Jump Cuts,243,929,73% 
211,"Printed Men Round Neck Dark Blue, Grey T-Shirt",FastColors,244,"1,999",87% 
212,"Color Block Men Round Neck Dark Green, Black T-Shirt",BLIVE,151,"1,999",92% 
213,"Striped Men Round Neck Dark Blue, White T-Shirt",Jump Cuts,237,"1,549",84% 
214,Color Block Men Hooded Neck Black T-Shirt,HYDEY,201,999,79% 
215,Printed Men Round Neck White T-Shirt,NB NICKY BOY,159,999,84% 
216,"Color Block Men Hooded Neck Grey, Black T-Shirt",HELMONT,158,999,84% 
217,"Printed Men Round Neck Black, White T-Shirt",MANIAC,159,959,83% 
218,"Solid Men Round Neck Maroon, Black, Grey T-Shirt",FastColors,246,"1,999",87% 
219,"Solid, Color Block Men Round Neck Black, Red T-Shirt",FastColors,229,"1,399",83% 
220,Solid Men Henley Neck Red T-Shirt,BLIVE,234,"1,999",88% 
221,"Solid Men Round Neck White, Black T-Shirt",FastColors,255,"1,999",87% 
222,"Printed Men Hooded Neck Red, Black T-Shirt",TRIPR,199,"1,399",85% 
223,Printed Men Hooded Neck Green T-Shirt,FastColors,246,"1,999",87% 
224,Printed Men Polo Neck Red T-Shirt,TRIPR,234,"1,999",88% 
225,Solid Men Mandarin Collar Red T-Shirt,BLIVE,186,"1,999",90% 
226,Solid Men Hooded Neck Dark Green T-Shirt,TRIPR,199,"1,999",90% 
227,"Typography Men Hooded Neck Black, White T-Shirt",Eyebogler,329,"1,299",74% 
228,"Striped Men Round Neck Dark Blue, White, Brown T-Shirt",Jump Cuts,449,"1,499",70% 
229,Color Block Men Hooded Neck Black T-Shirt,HYDEY,176,999,82% 
230,Printed Men Round Neck Yellow T-Shirt,TRIPR,188,"1,399",86% 
231,"Printed Men Round Neck Dark Blue, White T-Shirt",Jump Cuts,186,"1,299",85% 
232,Printed Men Round Neck Black T-Shirt,Jump Cuts,201,"1,079",81% 
233,Printed Men Round Neck Yellow T-Shirt,NB NICKY BOY,159,777,79% 
234,"Solid Men Round Neck Grey, Maroon T-Shirt",FastColors,246,"1,999",87% 
235,"Color Block Men Hooded Neck Black, Red T-Shirt",HYDEY,157,999,84% 
236,Printed Men Hooded Neck Black T-Shirt,FastColors,246,"1,999",87% 
237,Color Block Men Hooded Neck White T-Shirt,Eyebogler,329,"1,299",74% 
238,"Printed Men Round Neck Black, White T-Shirt",Canis,205,499,58% 
239,Striped Men Polo Neck Blue T-Shirt,Eyebogler,329,"1,299",74% 
240,"Solid Men Round Neck Black, White T-Shirt",3SIX5,246,"1,999",87% 
241,Solid Men Mandarin Collar Maroon T-Shirt,BLIVE,215,"1,999",89% 
242,Typography Men Round Neck Black T-Shirt,BLIVE,188,"1,399",86% 
243,"Solid Men Round Neck White, Black T-Shirt",FastColors,255,"1,999",87% 
244,Color Block Men Hooded Neck Maroon T-Shirt,HYDEY,172,999,82% 
245,"Solid Men V Neck Blue, Grey T-Shirt",TRIPR,151,899,83% 
246,"Solid Men Henley Neck Maroon, Dark Blue T-Shirt",BLIVE,246,"1,399",82% 
247,"Printed Men Round Neck White, Red T-Shirt",FastColors,246,"1,999",87% 
248,"Checkered Men Round Neck White, Black T-Shirt",MANIAC,311,"1,069",70% 
249,"Printed Men Round Neck Red, Black T-Shirt",TRIPR,364,"2,499",85% 
250,Striped Men Round Neck Yellow T-Shirt,Jump Cuts,188,"1,079",82% 
251,Printed Men Round Neck Dark Green T-Shirt,MANIAC,376,"1,799",79% 
252,Printed Men Round Neck Black T-Shirt,TRIPR,151,"1,399",89% 
253,"Color Block Men Round Neck Yellow, Black T-Shirt",MANIAC,321,"2,119",84% 
254,Printed Men Round Neck Dark Blue T-Shirt,MANIAC,283,"1,249",77% 
255,"Printed Men Hooded Neck Pink, Black T-Shirt",MANIAC,449,"2,399",81% 
256,"Solid Men s Red, Yellow T-Shirt",MANIAC,392,"1,499",73% 
257,Typography Men Round Neck Brown T-Shirt,TRIPR,188,"1,999",90% 
258,Graphic Print Men Round Neck Orange T-Shirt,Young trendz,215,899,76% 
259,"Color Block Men Round Neck Maroon, White T-Shirt",MANIAC,449,"2,199",79% 
260,Color Block Men Round Neck Yellow T-Shirt,Diwazzo,233,999,76% 
261,"Color Block Men Round Neck White, Black, Pink T-Shirt",TRIPR,193,"1,999",90% 
262,"Printed Men Round Neck Black, White, Dark Green T-Shirt",TRIPR,386,"2,999",87% 
263,Printed Men Round Neck Dark Blue T-Shirt,MANIAC,336,"1,719",80% 
264,"Color Block Men Round Neck White, Yellow T-Shirt",MANIAC,424,"1,629",73% 
265,Printed Men Hooded Neck Dark Blue T-Shirt,London Hills,329,"1,299",74% 
266,Printed Men Hooded Neck Grey T-Shirt,TRIPR,222,"1,999",88% 
267,"Checkered Men Round Neck Dark Blue, Green T-Shirt",MANIAC,449,"2,199",79% 
268,Printed Men Round Neck Green T-Shirt,Jump Cuts,238,"1,519",84% 
269,"Striped Men Round Neck Dark Blue, Red, White T-Shirt",Jump Cuts,205,679,69% 
270,Solid Men Hooded Neck Black T-Shirt,TRIPR,262,899,70% 
271,"Printed Men Round Neck Black, White T-Shirt",MANIAC,354,"1,799",80% 
272,"Solid Men Round Neck Blue, Maroon, Black T-Shirt",FastColors,699,"2,999",76% 
273,Color Block Men Hooded Neck Red T-Shirt,Eyebogler,329,"1,299",74% 
274,Printed Men Round Neck Dark Blue T-Shirt,TRIPR,197,"1,999",90% 
275,"Printed Men Round Neck White, Black T-Shirt",MANIAC,354,"1,799",80% 
276,Striped Men Round or Crew Black T-Shirt,Alan Jones,143,999,85% 
277,"Solid Men Hooded Neck Red, Black T-Shirt",3SIX5,161,999,83% 
278,"Solid Men Polo Neck Black, White T-Shirt",INKKR,386,"1,299",70% 
279,"Printed Men High Neck Grey, Black T-Shirt",MANIAC,449,"2,319",80% 
280,Printed Men Round Neck Black T-Shirt,TRIPR,151,"1,399",89% 
281,"Color Block Men Round Neck Yellow, Black T-Shirt",MANIAC,321,"2,119",84% 
282,Printed Men Round Neck Dark Blue T-Shirt,MANIAC,283,"1,249",77% 
283,"Printed Men Round Neck Dark Green, Black T-Shirt",Jump Cuts,234,"1,519",84% 
284,Typography Men Round Neck Brown T-Shirt,TRIPR,188,"1,999",90% 
285,Color Block Men Round Neck Yellow T-Shirt,Diwazzo,233,999,76% 
286,"Printed Men Round Neck Black, White, Dark Green T-Shirt",TRIPR,386,"2,999",87% 
287,Printed Men Hooded Neck Dark Blue T-Shirt,London Hills,329,"1,299",74% 
288,"Solid Men s Black, Yellow T-Shirt",MANIAC,219,949,76% 
289,Color Block Men Hooded Neck Red T-Shirt,Eyebogler,329,"1,299",74% 
290,Striped Men Round or Crew Black T-Shirt,Alan Jones,143,999,85% 
291,"Solid Men Round Neck Blue, Maroon, Black T-Shirt",FastColors,699,"2,999",76% 
292,"Solid Men Hooded Neck Red, Black T-Shirt",3SIX5,161,999,83% 
293,Solid Men Hooded Neck Black T-Shirt,TRIPR,234,899,73% 
294,"Solid Men Polo Neck Black, White T-Shirt",INKKR,386,"1,299",70% 
295,Printed Men Round Neck Dark Blue T-Shirt,Jump Cuts,198,"1,079",81% 
296,"Striped Men Round Neck Dark Blue, Red, White T-Shirt",Jump Cuts,205,679,69% 
297,"Color Block Men Round Neck Maroon, Red T-Shirt",MANIAC,271,"1,199",77% 
298,Solid Men Round Neck Multicolor T-Shirt,Young trendz,353,"1,399",74% 
299,Printed Men Hooded Neck Dark Blue T-Shirt,TRIPR,281,"1,399",79% 
300,"Solid Men Round Neck Grey, Maroon T-Shirt",FastColors,450,"2,499",81% 
301,Printed Men Round Neck Maroon T-Shirt,BLIVE,151,"1,999",92% 
302,Printed Men Round Neck Black T-Shirt,MANIAC,234,"1,329",82% 
303,Solid Men Mandarin Collar Black T-Shirt,BLIVE,215,"1,999",89% 
304,Color Block Men Round Neck Blue T-Shirt,Diwazzo,246,999,75% 
305,"Solid Men Round Neck White, Blue T-Shirt",FastColors,269,"1,999",86% 
306,"Graphic Print Men Round Neck Black, White T-Shirt",Canis,205,499,58% 
307,"Color Block Men Round Neck White, Yellow T-Shirt",MANIAC,424,"1,629",73% 
308,Typography Men Round Neck Dark Green T-Shirt,TRIPR,182,"1,999",90% 
309,Graphic Print Men Round Neck Orange T-Shirt,Young trendz,215,899,76% 
310,Color Block Men Round Neck Brown T-Shirt,FastColors,229,"1,999",88% 
311,Printed Men Hooded Neck Black T-Shirt,Jump Cuts,255,"1,799",85% 
312,"Printed Men Round Neck Red, White T-Shirt",MANIAC,254,999,74% 
313,"Color Block Men Hooded Neck Black, White T-Shirt",HELMONT,196,999,80% 
314,Printed Men Hooded Neck Dark Green T-Shirt,TRIPR,264,"1,999",86% 
315,"Color Block Men Round Neck Dark Blue, White, Red T-Shir...",Jump Cuts,219,"1,799",87% 
316,Striped Men Round Neck Yellow T-Shirt,Jump Cuts,188,"1,079",82% 
317,Solid Men Polo Neck Orange T-Shirt,INKKR,234,"1,299",81% 
318,"Printed Men Hooded Neck Grey, Black T-Shirt",TRIPR,224,"1,999",88% 
319,Color Block Men Hooded Neck Pink T-Shirt,Eyebogler,329,"1,299",74% 
320,"Printed Men Hooded Neck Red, Black T-Shirt",TRIPR,256,"1,999",87% 
321,Printed Men Round Neck Yellow T-Shirt,TRIPR,189,"1,399",86% 
322,"Color Block Men Polo Neck Black, Red T-Shirt",BLIVE,253,"1,999",87% 
323,"Solid Men Round Neck White, Black T-Shirt",FastColors,255,"1,999",87% 
324,"Printed Men Round Neck Dark Blue, Red T-Shirt",MANIAC,219,999,78% 
325,"Printed Men Hooded Neck Pink, Black T-Shirt",MANIAC,449,"2,399",81% 
326,"Printed Men Hooded Neck Red, Black T-Shirt",BLIVE,219,"1,399",84% 
327,"Printed Men Round Neck White, Red T-Shirt",FastColors,246,"1,999",87% 
328,Printed Men Polo Neck Black T-Shirt,Jump Cuts,234,"1,199",80% 
329,"Printed Men Hooded Neck Dark Blue, Maroon T-Shirt",TRIPR,255,"1,999",87% 
330,Striped Men Polo Neck Multicolor T-Shirt,INKKR,262,999,73% 
331,Printed Men Round Neck Dark Green T-Shirt,MANIAC,376,"1,799",79% 
332,"Color Block Men Round Neck Black, Dark Green T-Shirt",BLIVE,210,"1,999",89% 
333,"Printed Men Hooded Neck White, Black T-Shirt",BLIVE,219,"1,399",84% 
334,"Color Block Men Round Neck Dark Blue, White T-Shirt",MANIAC,252,949,73% 
335,"Printed Men Hooded Neck Pink, Black T-Shirt",MANIAC,449,"2,399",81% 
336,"Solid Men Henley Neck Black, White T-Shirt",TRIPR,197,"1,999",90% 
337,Color Block Men Round Neck Multicolor T-Shirt,TRIPR,196,"1,999",90% 
338,Printed Men Hooded Neck Multicolor T-Shirt,TRIPR,386,"2,999",87% 
339,"Color Block Men Round Neck Maroon, White T-Shirt",MANIAC,449,"2,199",79% 
340,"Color Block Men Round Neck Green, Black T-Shirt",BLIVE,249,"1,999",87% 
341,"Typography Men Hooded Neck Green, Black T-Shirt",Eyebogler,329,"1,299",74% 
342,"Solid Men Polo Neck Maroon, Black T-Shirt",Uv Creation,346,"1,099",68% 
343,Color Block Men Round Neck Green T-Shirt,Damensch,561,799,29% 
344,"Color Block Men Hooded Neck Dark Blue, White, Yellow T-...",MANIAC,369,"1,249",70% 
345,"Printed Men Hooded Neck Black, Grey T-Shirt",MANIAC,295,"1,349",78% 
346,Printed Men Hooded Neck Yellow T-Shirt,FastColors,246,"1,999",87% 
347,Printed Men Round Neck Dark Blue T-Shirt,MANIAC,336,"1,719",80% 
348,"Printed Men Hooded Neck White, Blue T-Shirt",FastColors,246,"1,999",87% 
349,Printed Men Round Neck Dark Green T-Shirt,BLIVE,201,"1,399",85% 
350,"Printed Men Round Neck Dark Blue, Black, Grey T-Shirt",TRIPR,386,"2,999",87% 
351,"Checkered Men Round Neck Dark Blue, Green T-Shirt",MANIAC,449,"2,199",79% 
352,Printed Men Round Neck Yellow T-Shirt,krishnafit,188,999,81% 
353,"Color Block Men Round Neck Dark Blue, White, Red T-Shir...",Jump Cuts,219,"1,799",87% 
354,Printed Men Round Neck Yellow T-Shirt,Young trendz,215,"1,149",81% 
355,"Printed Men Round Neck Black, White T-Shirt",MANIAC,354,"1,799",80% 
356,Solid Men Collared Neck Multicolor T-Shirt,INKKR,386,999,61% 
357,"Solid Men Round Neck Dark Blue, Black, Grey T-Shirt",FastColors,246,"1,999",87% 
358,Solid Men Hooded Dark Blue T-Shirt,3SIX5,176,999,82% 
359,"Printed Men Round Neck White, Black T-Shirt",MANIAC,354,"1,799",80% 
360,"Printed Men Round Neck Black, Yellow T-Shirt",MANIAC,291,"1,919",84% 
361,Printed Men Round Neck Blue T-Shirt,TRIPR,205,"1,399",85% 
362,"Printed Men Round Neck Black, Red T-Shirt",Jump Cuts,193,"1,399",86% 
363,"Solid Men Round Neck White, Black T-Shirt",FastColors,255,"1,999",87% 
364,Striped Men Round Neck Green T-Shirt,Jump Cuts,234,"1,399",83% 
365,"Solid Men Round Neck White, Black, Grey T-Shirt",Young trendz,727,"1,799",59% 
366,Printed Men Round Neck Yellow T-Shirt,TRIPR,189,"1,399",86% 
367,"Printed Men Round Neck White, Red T-Shirt",FastColors,246,"1,999",87% 
368,"Color Block Men Polo Neck Black, Red T-Shirt",BLIVE,253,"1,999",87% 
369,"Printed Men Hooded Neck Red, Black T-Shirt",TRIPR,256,"1,999",87% 
370,"Printed Men Round Neck Dark Blue, Red T-Shirt",MANIAC,219,999,78% 
371,Printed Men Round Neck Dark Green T-Shirt,MANIAC,376,"1,799",79% 
372,"Printed Men Hooded Neck Red, Black T-Shirt",BLIVE,219,"1,399",84% 
373,Printed Men Polo Neck Black T-Shirt,Jump Cuts,234,"1,199",80% 
374,"Printed Men Hooded Neck Dark Blue, Maroon T-Shirt",TRIPR,255,"1,999",87% 
375,"Printed Men Hooded Neck Pink, Black T-Shirt",MANIAC,449,"2,399",81% 
376,Printed Men Round Neck Black T-Shirt,MANIAC,268,"1,249",78% 
377,"Typography Men Hooded Neck Green, Black T-Shirt",Eyebogler,329,"1,299",74% 
378,"Color Block Men Round Neck Black, Dark Green T-Shirt",BLIVE,210,"1,999",89% 
379,"Color Block Men Round Neck Maroon, White T-Shirt",MANIAC,449,"2,199",79% 
380,"Color Block Men Round Neck Green, Black T-Shirt",BLIVE,249,"1,999",87% 
381,"Printed Men Hooded Neck White, Black T-Shirt",BLIVE,219,"1,399",84% 
382,"Color Block Men Round Neck Dark Blue, White T-Shirt",MANIAC,252,949,73% 
383,Printed Men Round Neck Dark Blue T-Shirt,MANIAC,336,"1,719",80% 
384,"Solid Men Henley Neck Black, White T-Shirt",TRIPR,197,"1,999",90% 
385,Color Block Men Round Neck Multicolor T-Shirt,TRIPR,196,"1,999",90% 
386,Printed Men Hooded Neck Multicolor T-Shirt,TRIPR,386,"2,999",87% 
387,"Checkered Men Round Neck Dark Blue, Green T-Shirt",MANIAC,449,"2,199",79% 
388,"Solid Men Polo Neck White, Grey T-Shirt",INKKR,386,999,61% 
389,"Striped Men Round Neck White, Light Green T-Shirt",Jump Cuts,205,679,69% 
390,"Solid Men Polo Neck Maroon, Black T-Shirt",Uv Creation,346,"1,099",68% 
391,"Printed Men Round Neck Black, White T-Shirt",MANIAC,354,"1,799",80% 
392,"Printed Men Hooded Neck Dark Blue, Red T-Shirt",TRIPR,364,"3,999",90% 
393,"Color Block Men Hooded Neck Dark Blue, White, Yellow T-...",MANIAC,369,"1,249",70% 
394,"Printed Men Hooded Neck Black, Grey T-Shirt",MANIAC,295,"1,349",78% 
395,"Printed Men Round Neck White, Black T-Shirt",MANIAC,354,"1,799",80% 
396,Striped Men Polo Neck Multicolor T-Shirt,INKKR,262,999,73% 
397,Printed Men Round Neck Yellow T-Shirt,Young trendz,215,"1,149",81% 
398,Printed Men Hooded Neck Yellow T-Shirt,FastColors,246,"1,999",87% 
399,"Printed Men High Neck Grey, Black T-Shirt",MANIAC,449,"2,319",80% 
400,"Printed Men Round Neck Dark Blue, Red T-Shirt",Jump Cuts,249,"1,399",82% 
401,Color Block Men Round Neck Multicolor T-Shirt,TRIPR,234,"1,999",88% 
402,Printed Men Round Neck Dark Blue T-Shirt,TRIPR,151,"1,399",89% 
403,"Solid Men Round Neck White, Black T-Shirt",FastColors,255,"1,999",87% 
404,"Color Block Men Round Neck Black, Green, Maroon T-Shirt",London Hills,374,"3,897",90% 
405,"Color Block Men Polo Neck Navy Blue, Brown T-Shirt",BLIVE,291,"1,999",85% 
406,Graphic Print Men Round or Crew Multicolor T-Shirt,Young trendz,375,"1,399",73% 
407,"Printed Men Round Neck White, Red T-Shirt",FastColors,246,"1,999",87% 
408,Printed Men Round Neck White T-Shirt,Canis,201,399,49% 
409,Printed Men Round Neck Dark Blue T-Shirt,FastColors,255,"1,999",87% 
410,Floral Print Men Lapel Neck Navy Blue T-Shirt,BLIVE,253,"1,999",87% 
411,Printed Men Round Neck Dark Green T-Shirt,MANIAC,376,"1,799",79% 
412,"Solid Men Round Neck Yellow, Black T-Shirt",BLIVE,205,"1,999",89% 
413,"Solid Men Round Neck Dark Blue, Black, Grey T-Shirt",FastColors,246,"1,999",87% 
414,Abstract Men Hooded Neck Red T-Shirt,TRIPR,291,899,67% 
415,"Printed Men Hooded Neck Pink, Black T-Shirt",MANIAC,449,"2,399",81% 
416,Solid Men Round Neck Green T-Shirt,Diwazzo,233,999,76% 
417,Typography Men Hooded Neck Red T-Shirt,NB NICKY BOY,240,999,75% 
418,"Solid Men Polo Neck Maroon, Black T-Shirt",Uv Creation,346,"1,099",68% 
419,"Color Block Men Round Neck Maroon, White T-Shirt",MANIAC,449,"2,199",79% 
420,"Printed Men Hooded Neck White, Red T-Shirt",TRIPR,224,"1,399",83% 
421,"Striped Men Round Neck Brown, Black, White T-Shirt",Jump Cuts,449,"1,499",70% 
422,Printed Men Round Neck Green T-Shirt,MANIAC,357,"1,719",79% 
423,Color Block Men Round Neck Green T-Shirt,Damensch,561,799,29% 
424,Printed Men Round Neck Maroon T-Shirt,FastColors,246,"1,999",87% 
425,"Color Block Men Round Neck Black, Green, Maroon T-Shirt",London Hills,397,"3,897",89% 
426,"Striped Men Round Neck Black, White T-Shirt",MANIAC,234,"1,919",87% 
427,Printed Men Round Neck Dark Blue T-Shirt,MANIAC,336,"1,719",80% 
428,"Typography Men Round Neck Navy Blue, Blue T-Shirt",BLIVE,151,"1,399",89% 
429,"Graphic Print Men Round or Crew Red, Black T-Shirt",DUO COUPLE,375,"1,399",73% 
430,Color Block Men Round Neck Light Green T-Shirt,FastColors,246,"1,999",87% 
431,"Checkered Men Round Neck Dark Blue, Green T-Shirt",MANIAC,449,"2,199",79% 
432,"Solid Men Polo Neck Blue, Beige T-Shirt",INKKR,386,"1,299",70% 
433,Solid Men Hooded Black T-Shirt,HELMONT,152,999,84% 
434,"Color Block Men Round Neck Blue, Grey T-Shirt",MANIAC,309,"1,449",78% 
435,"Printed Men Round Neck Black, White T-Shirt",MANIAC,354,"1,799",80% 
436,"Striped Men Round Neck Dark Blue, White T-Shirt",MANIAC,690,"1,879",63% 
437,Printed Men Round Neck White T-Shirt,Canis,205,399,48% 
438,"Printed Men Round Neck Black, Red T-Shirt",MANIAC,282,"2,489",88% 
439,"Printed Men Round Neck White, Black T-Shirt",MANIAC,354,"1,799",80% 
440,"Printed Men Polo Neck Dark Blue, White T-Shirt",TRIPR,253,"1,999",87% 
441,"Printed Men Hooded Neck White, Red T-Shirt",Bike,246,"1,999",87% 
442,Abstract Men Hooded Neck Yellow T-Shirt,TRIPR,199,"1,999",90% 
443,"Printed Men Round Neck Black, Grey T-Shirt",MANIAC,193,"1,079",82% 
444,Abstract Men Hooded Neck Dark Blue T-Shirt,TRIPR,199,899,77% 
445,"Checkered Men Round Neck Dark Green, Black T-Shirt",MANIAC,283,"1,069",73% 
446,Color Block Men Hooded Neck Dark Green T-Shirt,HYDEY,176,999,82% 
447,Color Block Men Hooded Neck Black T-Shirt,HYDEY,176,999,82% 
448,"Striped Men Round Neck Black, Grey T-Shirt",Jump Cuts,193,999,80% 
449,"Solid Men Polo Neck Yellow, Pink T-Shirt",INKKR,386,"1,299",70% 
450,"Printed Men Hooded Neck Dark Blue, Red T-Shirt",TRIPR,364,"3,999",90% 
451,Solid Men Round Neck Black T-Shirt,FastColors,246,"1,999",87% 
452,"Printed Men Round Neck Black, White T-Shirt",BLIVE,249,"1,999",87% 
453,"Solid Men Hooded Neck Blue, Black T-Shirt",HYDEY,489,"1,998",75% 
454,Solid Men Hooded Black T-Shirt,HELMONT,152,999,84% 
455,"Printed Men Hooded Neck White, Blue T-Shirt",FastColors,246,"1,999",87% 
456,"Printed Men Round Neck White, Black T-Shirt",BLIVE,234,"1,999",88% 
457,Color Block Men Hooded Neck White T-Shirt,HYDEY,186,999,81% 
458,Printed Men Hooded Neck Black T-Shirt,London Hills,311,"1,299",76% 
459,"Printed, Color Block Men Round Neck White, Black T-Shir...",Canis,205,399,48% 
460,Printed Men Round Neck Grey T-Shirt,Young trendz,329,"1,399",76% 
461,Color Block Men Round Neck Black T-Shirt,Jump Cuts,215,"1,259",82% 
462,"Solid Men Henley Neck Black, Red T-Shirt",BLIVE,415,"2,999",86% 
463,"Color Block Men Round Neck White, Black, Yellow T-Shirt",MANIAC,249,959,74% 
464,Printed Men Round Neck White T-Shirt,TRIPR,151,"1,399",89% 
465,Color Block Men Hooded Neck Yellow T-Shirt,HELMONT,205,999,79% 
466,"Typography Men Round Neck Navy Blue, Yellow T-Shirt",BLIVE,151,"1,399",89% 
467,Military Camouflage Men Round or Crew Dark Blue T-Shirt,Alan Jones,219,"1,049",79% 
468,Color Block Men Hooded Neck Green T-Shirt,Eyebogler,329,"1,299",74% 
469,Printed Men Round Neck Yellow T-Shirt,krishnafit,188,999,81% 
470,Printed Men Round Neck Red T-Shirt,TRIPR,166,"1,399",88% 
471,"Printed Men Round Neck Black, White T-Shirt",MANIAC,354,"1,799",80% 
472,Printed Men Round Neck Multicolor T-Shirt,TRIPR,272,"1,999",86% 
473,"Color Block Men Round Neck Yellow, White T-Shirt",MANIAC,363,"1,999",81% 
474,Printed Men Round Neck Green T-Shirt,MANIAC,265,"1,219",78% 
475,"Color Block Men Round Neck White, Black, Yellow T-Shirt",MANIAC,237,959,75% 
476,"Printed Men Hooded Neck Red, Blue T-Shirt",MANIAC,295,"1,469",79% 
477,Printed Men Round Neck White T-Shirt,Canis,205,399,48% 
478,"Printed Men Round Neck Black, Grey T-Shirt",MANIAC,234,999,76% 
479,Color Block Men Hooded Neck Black T-Shirt,HYDEY,176,999,82% 
480,Color Block Men Hooded Neck Black T-Shirt,HYDEY,176,999,82% 
481,Printed Men Round Neck Dark Blue T-Shirt,TRIPR,234,"1,999",88% 
482,Printed Men Round Neck Grey T-Shirt,TRIPR,215,"1,999",89% 
483,"Printed Men Hooded Neck Dark Blue, White, Yellow T-Shir...",Jump Cuts,224,"1,119",79% 
484,"Solid Men Hooded Neck Grey, Red, White T-Shirt",Bike,255,"1,999",87% 
485,Color Block Men Hooded Neck White T-Shirt,HYDEY,164,999,83% 
486,"Solid Men Henley Neck Dark Green, White T-Shirt",TRIPR,215,"1,999",89% 
487,"Typography Men Hooded Neck Reversible Grey, Black T-Shi...",MANIAC,243,"1,759",86% 
488,"Solid Men Polo Neck Maroon, Black T-Shirt",Uv Creation,346,"1,099",68% 
489,"Striped Men Round Neck Dark Blue, Red T-Shirt",MANIAC,282,"1,269",77% 
490,Printed Men Round Neck Dark Green T-Shirt,BLIVE,201,"1,399",85% 
491,"Printed Men Round Neck Red, Black T-Shirt",Jump Cuts,234,"1,519",84% 
492,"Solid Men Round or Crew White, Black T-Shirt",Canis,205,499,58% 
493,"Printed Men Hooded Neck Black, Yellow T-Shirt",TRIPR,234,"1,999",88% 
494,Solid Men Round Neck Black T-Shirt,London Hills,310,"1,299",76% 
495,Printed Men Round Neck Yellow T-Shirt,krishnafit,234,999,76% 
496,"Solid Men Round Neck Green, Black T-Shirt",FastColors,246,"1,999",87% 
497,"Solid Men Polo Neck Black, Grey T-Shirt",INKKR,386,"1,299",70% 
498,Typography Men Round Neck Black T-Shirt,London Hills,376,"1,299",71% 
499,Printed Men Round or Crew Dark Blue T-Shirt,Young trendz,234,799,70% 
500,Abstract Men Hooded Neck Red T-Shirt,TRIPR,262,899,70% 
501,"Typography Men Hooded Neck Dark Blue, Grey T-Shirt",MANIAC,238,"1,759",86% 
502,Printed Men Hooded Neck Red T-Shirt,TRIPR,189,"1,999",90% 
503,"Color Block Men Round Neck Black, Yellow T-Shirt",TRIPR,215,"1,399",84% 
504,"Color Block Men Round Neck Dark Green, White, Black T-S...",MANIAC,219,959,77% 
505,Solid Men Round Neck Multicolor T-Shirt,BLIVE,535,"2,999",82% 
506,Printed Men Round Neck Dark Green T-Shirt,MANIAC,376,"1,799",79% 
507,"Color Block Men Round Neck Red, White, Black T-Shirt",MANIAC,240,959,74% 
508,Printed Men Hooded Neck Black T-Shirt,TRIPR,189,"1,999",90% 
509,Geometric Print Men Round Neck Light Blue T-Shirt,mayhem,374,999,62% 
510,"Typography Men Hooded Neck Blue, Black T-Shirt",Eyebogler,329,"1,299",74% 
511,"Color Block Men Hooded Neck Yellow, Black T-Shirt",HYDEY,177,999,82% 
512,"Printed Men Hooded Neck Dark Blue, White T-Shirt",Jump Cuts,262,"1,399",81% 
513,Color Block Men Polo Neck Multicolor T-Shirt,BLIVE,234,"1,999",88% 
514,"Striped Men Round Neck White, Black T-Shirt",MANIAC,689,"1,879",63% 
515,"Checkered Men Round Neck Black, Grey T-Shirt",MANIAC,248,"1,069",76% 
516,"Color Block Men Hooded Neck Yellow, Black T-Shirt",HYDEY,179,999,82% 
517,Printed Men Round Neck Dark Green T-Shirt,BLIVE,196,"1,999",90% 
518,Color Block Men Hooded Neck Black T-Shirt,HYDEY,176,999,82% 
519,"Solid Men Round Neck White, Black T-Shirt",FastColors,246,"1,999",87% 
520,Conversational Men Round or Crew Orange T-Shirt,Young trendz,201,899,77% 
521,"Solid Men Polo Neck Blue, Black T-Shirt",INKKR,386,999,61% 
522,"Solid Men Round Neck White, Dark Green T-Shirt",mebadass,357,799,55% 
523,Printed Men Round Neck Multicolor T-Shirt,rjm,256,899,71% 
524,Color Block Men Hooded Neck White T-Shirt,HYDEY,176,999,82% 
525,"Printed Men Hooded Neck Navy Blue, White T-Shirt",FastColors,246,"1,999",87% 
526,Graphic Print Men Round Neck Black T-Shirt,TRIPR,151,"1,399",89% 
527,"Color Block Men Round Neck Black, Grey T-Shirt",MANIAC,246,"1,099",77% 
528,Printed Men V Neck Multicolor T-Shirt,TRIPR,205,"1,999",89% 
529,"Color Block Men Round Neck Dark Blue, Pink T-Shirt",MANIAC,411,"1,629",74% 
530,Typography Men Round Neck White T-Shirt,BLIVE,215,"1,399",84% 
531,Striped Men Round Neck Maroon T-Shirt,Jump Cuts,188,999,81% 
532,"Solid Men Round Neck White, Black, Yellow T-Shirt",Young trendz,727,"1,799",59% 
533,Typography Men Round Neck Dark Blue T-Shirt,TRIPR,188,"1,999",90% 
534,Color Block Men Round Neck Multicolor T-Shirt,MANIAC,260,"2,119",87% 
535,Graphic Print Men Round Neck Grey T-Shirt,TRIPR,151,"1,399",89% 
536,Striped Men Round or Crew Dark Blue T-Shirt,Alan Jones,143,999,85% 
537,"Color Block Men Hooded Neck Maroon, Black T-Shirt",HYDEY,163,999,83% 
538,"Color Block Men Round Neck Red, White T-Shirt",BLIVE,210,"1,999",89% 
539,Printed Men Round Neck Multicolor T-Shirt,IZON,374,"1,199",68% 
540,"Printed Men Hooded Neck Green, White T-Shirt",FastColors,246,"1,999",87% 
541,"Printed Men Round Neck Dark Green, Black T-Shirt",MANIAC,685,"1,879",63% 
542,"Color Block Men Hooded Neck Grey, Black T-Shirt",HYDEY,489,"1,998",75% 
543,"Printed Men Hooded Neck Grey, Black T-Shirt",TRIPR,215,"1,999",89% 
544,Color Block Men Round Neck Brown T-Shirt,THE EG STORE,205,799,74% 
545,"Printed Men Round Neck Dark Blue, Grey T-Shirt",MANIAC,183,"1,079",83% 
546,"Printed Men Round Neck Dark Blue, Black T-Shirt",MANIAC,693,"1,879",63% 
547,Printed Men Round Neck White T-Shirt,Eyebogler,400,"1,299",69% 
548,Printed Men Round Neck White T-Shirt,MANIAC,243,"1,069",77% 
549,"Color Block Men Round Neck Dark Green, Black T-Shirt",TRIPR,215,"1,999",89% 
550,"Solid Men Polo Neck Green, Yellow T-Shirt",FINE PICS,339,"1,999",83% 
551,Printed Men Hooded Neck Black T-Shirt,TRIPR,248,"1,999",87% 
552,Printed Men Round Neck White T-Shirt,Canis,201,399,49% 
553,Printed Men Round Neck Dark Blue T-Shirt,Young trendz,215,"1,149",81% 
554,Solid Men Hooded Multicolor T-Shirt,3SIX5,176,999,82% 
555,Printed Men Round Neck Blue T-Shirt,FastColors,229,"1,999",88% 
556,"Color Block Men Round Neck Black, Green, Maroon T-Shirt",London Hills,424,"3,897",89% 
557,Printed Men Round Neck Yellow T-Shirt,krishnafit,191,999,80% 
558,"Printed Men Round Neck Dark Blue, Red T-Shirt",Jump Cuts,183,"1,079",83% 
559,Color Block Men Hooded Neck Yellow T-Shirt,HYDEY,176,999,82% 
560,"Striped Men Round Neck White, Black T-Shirt",MANIAC,689,"1,879",63% 
561,Color Block Men Hooded Neck Black T-Shirt,HELMONT,205,999,79% 
562,"Checkered Men Round Neck Black, Grey T-Shirt",MANIAC,248,"1,069",76% 
563,"Color Block Men Round Neck Maroon, White T-Shirt",MANIAC,449,"2,199",79% 
564,"Color Block Men Hooded Neck Yellow, Black T-Shirt",HYDEY,179,999,82% 
565,Color Block Men Hooded Neck Black T-Shirt,HYDEY,176,999,82% 
566,"Solid Men Round Neck White, Black T-Shirt",FastColors,246,"1,999",87% 
567,"Printed Men Hooded Neck Pink, Black T-Shirt",MANIAC,449,"2,399",81% 
568,Conversational Men Round or Crew Orange T-Shirt,Young trendz,201,899,77% 
569,Printed Men Round Neck White T-Shirt,BLIVE,186,"1,999",90% 
570,Printed Men V Neck Multicolor T-Shirt,TRIPR,215,"1,999",89% 
571,"Solid Men Round Neck White, Black T-Shirt",FastColors,255,"1,999",87% 
572,"Color Block Men Round Neck Black, Red T-Shirt",Jump Cuts,219,"1,199",81% 
573,"Solid Men Polo Neck Blue, Black T-Shirt",INKKR,386,999,61% 
574,"Solid Men Round Neck White, Dark Green T-Shirt",mebadass,357,799,55% 
575,Printed Men Round Neck Dark Green T-Shirt,MANIAC,376,"1,799",79% 
576,Printed Men Round Neck Multicolor T-Shirt,rjm,256,899,71% 
577,"Color Block Men Round Neck Dark Green, Black T-Shirt",TRIPR,215,"1,999",89% 
578,Color Block Men Hooded Neck White T-Shirt,HYDEY,176,999,82% 
579,Color Block Men Round Neck Green T-Shirt,Damensch,561,799,29% 
580,"Color Block Men Round Neck Dark Blue, Pink T-Shirt",MANIAC,411,"1,629",74% 
581,Typography Men Round Neck Grey T-Shirt,BLIVE,143,"1,399",89% 
582,"Solid Men Hooded Neck Grey, Red, White T-Shirt",Bike,255,"1,999",87% 
583,"Checkered Men Round Neck Dark Blue, Green T-Shirt",MANIAC,449,"2,199",79% 
584,"Printed Men Hooded Neck Navy Blue, White T-Shirt",FastColors,246,"1,999",87% 
585,Graphic Print Men Round Neck Black T-Shirt,TRIPR,151,"1,399",89% 
586,Color Block Men Round Neck Multicolor T-Shirt,MANIAC,260,"2,119",87% 
587,Printed Men Round Neck Dark Blue T-Shirt,MANIAC,336,"1,719",80% 
588,"Color Block Men Round Neck Black, Grey T-Shirt",MANIAC,246,"1,099",77% 
589,Printed Men V Neck Multicolor T-Shirt,TRIPR,205,"1,999",89% 
590,"Solid Men Round Neck Dark Blue, Yellow T-Shirt",Jump Cuts,199,999,80% 
591,"Printed Men Round Neck White, Red T-Shirt",FastColors,246,"1,999",87% 
592,"Solid Men Polo Neck Light Blue, Green T-Shirt",Alan Jones,804,"1,998",59% 
593,Striped Men Round Neck Maroon T-Shirt,Jump Cuts,188,999,81% 
594,Typography Men Round Neck Dark Blue T-Shirt,TRIPR,188,"1,999",90% 
595,"Printed Men Round Neck Black, White T-Shirt",MANIAC,354,"1,799",80% 
596,Graphic Print Men Round Neck Grey T-Shirt,TRIPR,151,"1,399",89% 
597,"Printed Men Round Neck Dark Blue, Dark Green, Black T-S...",TRIPR,386,"2,999",87% 
598,Striped Men Round or Crew Dark Blue T-Shirt,Alan Jones,143,999,85% 
599,"Printed Men High Neck Grey, Black T-Shirt",MANIAC,449,"2,319",80% 
600,Printed Men Round Neck White T-Shirt,Eyebogler,400,"1,299",69% 
601,Printed Men Round Neck White T-Shirt,MANIAC,243,"1,069",77% 
602,"Solid Men Polo Neck Green, Yellow T-Shirt",FINE PICS,339,"1,999",83% 
603,"Solid Men Round Neck White, Black T-Shirt",FastColors,255,"1,999",87% 
604,"Solid Men Round Neck Dark Green, Pink T-Shirt",Alan Jones,709,"2,398",70% 
605,Color Block Men Round Neck Light Green T-Shirt,Diwazzo,233,999,76% 
606,Printed Men Hooded Neck Black T-Shirt,TRIPR,248,"1,999",87% 
607,"Printed Men Round Neck White, Red T-Shirt",FastColors,246,"1,999",87% 
608,Printed Men V Neck Red T-Shirt,SLICS,281,999,71% 
609,"Printed, Color Block Men Round Neck White, Black T-Shir...",Canis,205,499,58% 
610,Color Block Men Hooded Neck White T-Shirt,HYDEY,176,999,82% 
611,Printed Men Round Neck Dark Green T-Shirt,MANIAC,376,"1,799",79% 
612,Printed Men Round Neck Dark Blue T-Shirt,Young trendz,215,"1,149",81% 
613,"Solid Men Henley Neck Red, Black T-Shirt",BLIVE,210,"1,399",84% 
614,"Color Block Men Round Neck Maroon, Black T-Shirt",BLIVE,210,"1,999",89% 
615,"Printed Men Hooded Neck Pink, Black T-Shirt",MANIAC,449,"2,399",81% 
616,"Printed Men Hooded Neck Black, White T-Shirt",Jump Cuts,224,"1,119",79% 
617,Printed Men Round Neck Blue T-Shirt,FastColors,229,"1,999",88% 
618,Printed Men Polo Neck Black T-Shirt,TRIPR,193,"1,999",90% 
619,"Color Block Men Round Neck Maroon, White T-Shirt",MANIAC,449,"2,199",79% 
620,"Color Block Men Round Neck Black, Green, Maroon T-Shirt",London Hills,424,"3,897",89% 
621,Printed Men Round Neck Yellow T-Shirt,krishnafit,191,999,80% 
622,"Typography Men Round Neck Maroon, White, Dark Blue T-Sh...",Jump Cuts,193,"1,079",82% 
623,Color Block Men Round Neck Green T-Shirt,Damensch,561,799,29% 
624,"Printed Men Round Neck Black, Grey T-Shirt",Jump Cuts,188,"1,079",82% 
625,"Color Block Men Hooded Neck Yellow, Black T-Shirt",HYDEY,163,999,83% 
626,"Color Block Men Round Neck Black, White T-Shirt",BLIVE,219,"1,999",89% 
627,Printed Men Round Neck Dark Blue T-Shirt,MANIAC,336,"1,719",80% 
628,Printed Men Hooded Neck Reversible Multicolor T-Shirt,NB NICKY BOY,220,999,77% 
629,Printed Men Hooded Neck Dark Blue T-Shirt,TRIPR,219,"1,999",89% 
630,Typography Men Round Neck Grey T-Shirt,TRIPR,188,"1,999",90% 
631,"Checkered Men Round Neck Dark Blue, Green T-Shirt",MANIAC,449,"2,199",79% 
632,Color Block Men Hooded Neck Yellow T-Shirt,HYDEY,176,999,82% 
633,"Printed Men Round Neck Black, Yellow T-Shirt",BLIVE,201,"1,999",89% 
634,Printed Men Round Neck Yellow T-Shirt,Jump Cuts,200,"1,379",85% 
635,"Printed Men Round Neck Black, White T-Shirt",MANIAC,354,"1,799",80% 
636,Color Block Men Hooded Neck Red T-Shirt,FastColors,279,999,72% 
637,Solid Men Henley Neck White T-Shirt,Ojass,246,"1,129",78% 
638,"Color Block Men Hooded Neck Navy Blue, Grey T-Shirt",HYDEY,176,999,82% 
639,"Printed Men Round Neck White, Black T-Shirt",MANIAC,354,"1,799",80% 
640,Color Block Men Round Neck Green T-Shirt,Diwazzo,233,799,70% 
641,Typography Men Round Neck Black T-Shirt,London Hills,376,"1,299",71% 
642,"Solid Men Polo Neck Grey, Maroon T-Shirt",INKKR,386,"1,299",70% 
643,"Color Block Men Hooded Neck Navy Blue, Grey T-Shirt",HYDEY,169,999,83% 
644,Printed Men Round Neck Grey T-Shirt,BLIVE,188,"1,399",86% 
645,"Color Block Men Round Neck Dark Blue, Red T-Shirt",MANIAC,410,"1,629",74% 
646,"Printed Men Hooded Neck Red, Black T-Shirt",TRIPR,236,"1,999",88% 
647,Solid Men Henley Neck Multicolor T-Shirt,BLIVE,415,"2,999",86% 
648,"Color Block Men Round Neck Black, Grey T-Shirt",mebadass,316,"1,299",75% 
649,"Printed Men Hooded Neck Black, White T-Shirt",Jump Cuts,224,"1,119",79% 
650,Color Block Men Round Neck Orange T-Shirt,Diwazzo,233,999,76% 
651,Color Block Men Polo Neck Multicolor T-Shirt,BLIVE,234,"1,999",88% 
652,Solid Men Henley Neck Blue T-Shirt,Ojass,272,"1,129",75% 
653,Graphic Print Men Round or Crew Black T-Shirt,Young trendz,225,840,73% 
654,Printed Men Round or Crew White T-Shirt,Canis,201,599,66% 
655,"Solid Men Collared Neck Red, Maroon T-Shirt",Uv Creation,354,"1,399",74% 
656,"Printed Men Round Neck Dark Blue, Grey T-Shirt",MANIAC,234,999,76% 
657,"Solid Men Round Neck Dark Green, Maroon, Black, Grey T-...",London Hills,851,"5,196",83% 
658,Printed Men Round Neck Black T-Shirt,TRIPR,164,"1,399",88% 
659,Solid Men Polo Neck White T-Shirt,Y.O.U - Youth Original Unique,424,799,46% 
660,Solid Men Polo Neck Multicolor T-Shirt,INKKR,386,999,61% 
661,Solid Men High Neck White T-Shirt,Ap'pulse,374,"1,199",68% 
662,Color Block Men Hooded Neck Dark Green T-Shirt,HYDEY,176,999,82% 
663,Typography Men Round Neck Blue T-Shirt,INKKR,291,999,70% 
664,Printed Men Round Neck Black T-Shirt,BLIVE,143,"1,399",89% 
665,"Solid Men Round Neck Dark Green, White, Maroon, Black T...",London Hills,851,"5,196",83% 
666,"Printed Men Round Neck Green, Black T-Shirt",MANIAC,249,"1,329",81% 
667,"Printed Men Round Neck White, Black T-Shirt",Canis,173,599,71% 
668,"Striped Men Round Neck Reversible White, Black, Yellow ...",Jump Cuts,234,679,65% 
669,Printed Men Round or Crew White T-Shirt,Canis,157,399,60% 
670,"Solid Men Round Neck Black, Orange T-Shirt",mebadass,300,999,69% 
671,Color Block Men Hooded Neck Dark Green T-Shirt,HYDEY,201,999,79% 
672,"Printed Men Round Neck Red, Black T-Shirt",Jump Cuts,234,"1,519",84% 
673,"Printed Men Round Neck Red, Black T-Shirt",Jump Cuts,193,"1,379",86% 
674,Printed Men Polo Neck Black T-Shirt,TRIPR,193,"1,999",90% 
675,"Solid Men Polo Neck Blue, Black T-Shirt",INKKR,386,"1,299",70% 
676,Color Block Men Round Neck Brown T-Shirt,Diwazzo,233,999,76% 
677,"Solid Men Polo Neck Red, Pink T-Shirt",FINE PICS,339,"1,999",83% 
678,"Solid Men Round Neck White, Black T-Shirt",Canis,173,499,65% 
679,"Typography Men Round Neck Red, Yellow, Black T-Shirt",London Hills,678,"3,999",83% 
680,Printed Men Round Neck White T-Shirt,Canis,157,399,60% 
681,"Solid Men Polo Neck Light Blue, Green T-Shirt",Alan Jones,804,"1,998",59% 
682,Printed Men Round Neck Grey T-Shirt,HELMONT,136,999,86% 
683,Printed Men Round Neck Black T-Shirt,MANIAC,234,939,75% 
684,Graphic Print Men Round Neck Multicolor T-Shirt,Canis,188,499,62% 
685,"Color Block Men Round Neck Green, Black T-Shirt",MANIAC,272,959,71% 
686,Solid Men Hooded Neck Yellow T-Shirt,HELMONT,169,999,83% 
687,Printed Men Round Neck Dark Blue T-Shirt,MANIAC,205,999,79% 
688,Solid Men Round Neck Black T-Shirt,Damensch,699,899,22% 
689,"Solid Men s Red, Black T-Shirt",MANIAC,219,949,76% 
690,"Printed Men Round Neck Dark Blue, White, Yellow T-Shirt",MANIAC,642,"1,749",63% 
691,Graphic Print Men Round or Crew Multicolor T-Shirt,Canis,188,499,62% 
692,Printed Men Round Neck Dark Blue T-Shirt,TRIPR,151,"1,399",89% 
693,"Color Block Men Round Neck Black, White T-Shirt",BLIVE,219,"1,999",89% 
694,"Striped Men Round Neck Dark Blue, Red, Black T-Shirt",MANIAC,255,"1,269",79% 
695,Printed Men Hooded Neck Green T-Shirt,London Hills,311,"1,299",76% 
696,Color Block Men Round Neck Light Blue T-Shirt,Diwazzo,233,999,76% 
697,"Color Block Men Hooded Neck Blue, Grey T-Shirt",HYDEY,202,999,79% 
698,"Printed Men Round Neck Black, White T-Shirt",Canis,166,399,58% 
699,"Printed Men Hooded Neck Dark Blue, Yellow T-Shirt",MANIAC,265,"1,349",80% 
700,"Printed Men Hooded Neck Dark Blue, Red T-Shirt",TRIPR,364,"2,999",87% 
701,Color Block Men Round Neck Light Green T-Shirt,Diwazzo,233,999,76% 
702,Striped Men Round Neck Dark Blue T-Shirt,Alan Jones,256,"1,099",76% 
703,Striped Men Round Neck White T-Shirt,BLIVE,224,"1,999",88% 
704,Typography Men Round Neck Multicolor T-Shirt,Canis,234,599,60% 
705,"Color Block Men Round Neck Blue, Black, Grey T-Shirt",THE EG STORE,205,799,74% 
706,"Color Block Men Round Neck Black, Grey T-Shirt",TRIPR,207,899,76% 
707,Solid Men Round Neck Black T-Shirt,krishnafit,151,999,84% 
708,"Striped Men Round Neck Dark Blue, Pink T-Shirt",MANIAC,278,"1,919",85% 
709,Solid Men Round Neck Yellow T-Shirt,Damensch,699,899,22% 
710,Graphic Print Men Round or Crew White T-Shirt,Canis,157,399,60% 
711,"Printed Men Mandarin Collar Black, White T-Shirt",MANIAC,323,"1,659",80% 
712,"Color Block Men Polo Neck Black, Red T-Shirt",BLIVE,253,"1,999",87% 
713,Printed Men Round Neck Dark Blue T-Shirt,BLIVE,215,"1,999",89% 
714,"Broad Stripes Men Round or Crew Green, Blue T-Shirt",Alan Jones,159,999,84% 
715,Typography Men Round Neck Grey T-Shirt,BLIVE,143,"1,399",89% 
716,Typography Men Round Neck Grey T-Shirt,TRIPR,188,"1,999",90% 
717,Printed Men Round Neck Dark Blue T-Shirt,FastColors,255,"1,999",87% 
718,Printed Men V Neck Multicolor T-Shirt,TRIPR,215,"1,999",89% 
719,Printed Men Round Neck Black T-Shirt,TRIPR,151,"1,399",89% 
720,Solid Men Round Neck Maroon T-Shirt,krishnafit,151,999,84% 
721,Printed Men Polo Neck Black T-Shirt,FastColors,246,"1,799",86% 
722,Graphic Print Men Round Neck Multicolor T-Shirt,Canis,188,499,62% 
723,"Solid Men Round Neck White, Black T-Shirt",FastColors,255,"1,999",87% 
724,"Graphic Print Men Round or Crew White, Black T-Shirt",Canis,173,499,65% 
725,Solid Men Round Neck Light Green T-Shirt,London Hills,310,"1,299",76% 
726,Solid Men Polo Neck Multicolor T-Shirt,INKKR,"1,089","2,499",56% 
727,"Printed Men Round Neck Dark Blue, Black T-Shirt",MANIAC,449,"2,119",78% 
728,Color Block Men Hooded Neck Black T-Shirt,HELMONT,193,999,80% 
729,"Color Block Men Hooded Neck White, Yellow T-Shirt",HYDEY,176,999,82% 
730,"Color Block Men Hooded Neck Yellow, Black T-Shirt",HYDEY,201,999,79% 
731,"Printed Men Round Neck White, Red T-Shirt",FastColors,246,"1,999",87% 
732,"Checkered Men Round Neck Red, White T-Shirt",MANIAC,670,"1,999",66% 
733,Solid Men Polo Neck Multicolor T-Shirt,INKKR,"1,089","3,999",72% 
734,Printed Men Round Neck White T-Shirt,Canis,205,399,48% 
735,Printed Men Round Neck Dark Green T-Shirt,MANIAC,376,"1,799",79% 
736,Printed Men Round Neck Dark Blue T-Shirt,FastColors,246,"1,999",87% 
737,Printed Men Round Neck White T-Shirt,MANIAC,224,829,72% 
738,"Printed Men Round Neck White, Black T-Shirt",Canis,205,399,48% 
739,"Printed Men Hooded Neck Pink, Black T-Shirt",MANIAC,449,"2,399",81% 
740,"Solid Men Round Neck Dark Green, Maroon, Blue, Grey T-S...",London Hills,851,"5,196",83% 
741,Solid Men Hooded Grey T-Shirt,HELMONT,169,999,83% 
742,"Solid Men Round Neck Black, Red T-Shirt",BLIVE,243,"1,999",87% 
743,"Color Block Men Round Neck Maroon, White T-Shirt",MANIAC,449,"2,199",79% 
744,Color Block Men Hooded Neck Blue T-Shirt,HELMONT,158,999,84% 
745,Graphic Print Men Round Neck White T-Shirt,Sloth Cloth,234,810,71% 
746,Printed Men Round Neck Yellow T-Shirt,MANIAC,234,"1,599",85% 
747,Printed Men Round Neck Dark Blue T-Shirt,MANIAC,336,"1,719",80% 
748,"Printed Men Round Neck White, Black T-Shirt",Canis,205,499,58% 
749,Graphic Print Men Round Neck Multicolor T-Shirt,Canis,188,499,62% 
750,"Solid Men Polo Neck Blue, White T-Shirt",INKKR,386,"1,299",70% 
751,Striped Men Round Neck Light Blue T-Shirt,CONWAY,224,999,77% 
752,Color Block Men Round Neck Dark Green T-Shirt,Diwazzo,233,999,76% 
753,Graphic Print Men Round or Crew Grey T-Shirt,Young trendz,215,899,76% 
754,"Color Block Men Round Neck Black, Grey T-Shirt",MANIAC,449,"2,199",79% 
755,"Checkered Men Round Neck Dark Blue, Green T-Shirt",MANIAC,449,"2,199",79% 
756,"Printed Men Round Neck White, Black T-Shirt",Canis,205,499,58% 
757,"Solid Men Polo Neck Dark Blue, Orange T-Shirt",Alan Jones,804,"1,998",59% 
758,"Printed Men Round Neck Red, Black T-Shirt",BLIVE,234,"1,999",88% 
759,"Printed Men Round Neck Black, White T-Shirt",MANIAC,354,"1,799",80% 
